lake_id,lake_name,source,variables,values
1,French Creek,surge_morpho,surfaceArea,929186.45
1,French Creek,surge_morpho,shorelineLength,10139.38
1,French Creek,surge_morpho,shorelineDevelopment,2.97
1,French Creek,surge_morpho,maxWidth,937.79
1,French Creek,surge_morpho,meanWidth,565.36
1,French Creek,surge_morpho,maxLength,1797.0911
1,French Creek,surge_sites,mean_depth,2.86
1,French Creek,surge_sites,max_depth,4.5
1,French Creek,surge_sites,volume,2718894.115309141
2,Arkabutla,surge_morpho,surfaceArea,29862125
2,Arkabutla,surge_morpho,shorelineLength,60728.54
2,Arkabutla,surge_morpho,shorelineDevelopment,3.13
2,Arkabutla,surge_morpho,maxWidth,5979.88
2,Arkabutla,surge_morpho,meanWidth,2781.7
2,Arkabutla,surge_morpho,maxLength,10750.2065
2,Arkabutla,surge_sites,mean_depth,3.14
2,Arkabutla,surge_sites,max_depth,6.5
2,Arkabutla,surge_sites,volume,106963316.41997331
3,Lake O' the Pines,surge_morpho,surfaceArea,65999784.34
3,Lake O' the Pines,surge_morpho,shorelineLength,178192.11
3,Lake O' the Pines,surge_morpho,shorelineDevelopment,6.19
3,Lake O' the Pines,surge_morpho,maxWidth,6048.23
3,Lake O' the Pines,surge_morpho,meanWidth,3423.4
3,Lake O' the Pines,surge_morpho,maxLength,19813.4895
3,Lake O' the Pines,surge_sites,mean_depth,3.1
3,Lake O' the Pines,surge_sites,max_depth,8.4
3,Lake O' the Pines,surge_sites,volume,228051912.12231493
4,Cotile Lake,surge_morpho,surfaceArea,6395043.99
4,Cotile Lake,surge_morpho,shorelineLength,41272.22
4,Cotile Lake,surge_morpho,shorelineDevelopment,4.6
4,Cotile Lake,surge_morpho,maxWidth,2352.54
4,Cotile Lake,surge_morpho,meanWidth,1286.69
4,Cotile Lake,surge_morpho,maxLength,4978.2971
4,Cotile Lake,surge_sites,mean_depth,3.6933333333333334
4,Cotile Lake,surge_sites,max_depth,6.9
4,Cotile Lake,surge_sites,volume,27349207.78125388
10,okeheelee,surge_morpho,surfaceArea,178149.44
10,okeheelee,surge_morpho,shorelineLength,6867.51
10,okeheelee,surge_morpho,shorelineDevelopment,4.59
10,okeheelee,surge_morpho,maxWidth,588.61
10,okeheelee,surge_morpho,meanWidth,358.92
10,okeheelee,surge_morpho,maxLength,809.8575
10,okeheelee,surge_sites,mean_depth,3.0533333333333332
10,okeheelee,surge_sites,max_depth,6.7
10,okeheelee,surge_sites,volume,606465.1556096211
11,Lake Jacksonville,surge_morpho,surfaceArea,4814400.11
11,Lake Jacksonville,surge_morpho,shorelineLength,34192.57
11,Lake Jacksonville,surge_morpho,shorelineDevelopment,4.4
11,Lake Jacksonville,surge_morpho,maxWidth,1862.37
11,Lake Jacksonville,surge_morpho,meanWidth,1324.05
11,Lake Jacksonville,surge_morpho,maxLength,3960.5965
11,Lake Jacksonville,surge_sites,mean_depth,7.3533333333333335
11,Lake Jacksonville,surge_sites,max_depth,16.3
11,Lake Jacksonville,surge_sites,volume,37613613.392652154
13,Concord Pond,surge_morpho,surfaceArea,215802.72
13,Concord Pond,surge_morpho,shorelineLength,3394.67
13,Concord Pond,surge_morpho,shorelineDevelopment,2.06
13,Concord Pond,surge_morpho,maxWidth,354.3
13,Concord Pond,surge_morpho,meanWidth,298.59
13,Concord Pond,surge_morpho,maxLength,779.1402
13,Concord Pond,surge_sites,mean_depth,1
13,Concord Pond,surge_sites,max_depth,1.4
13,Concord Pond,surge_sites,volume,209882.82685319282
14,Johnson Family Boating Lake,surge_morpho,surfaceArea,302343.54
14,Johnson Family Boating Lake,surge_morpho,shorelineLength,3493.37
14,Johnson Family Boating Lake,surge_morpho,shorelineDevelopment,1.79
14,Johnson Family Boating Lake,surge_morpho,maxWidth,632.54
14,Johnson Family Boating Lake,surge_morpho,meanWidth,329.69
14,Johnson Family Boating Lake,surge_morpho,maxLength,924.5186
14,Johnson Family Boating Lake,surge_sites,mean_depth,3.6666666666666665
14,Johnson Family Boating Lake,surge_sites,max_depth,6
14,Johnson Family Boating Lake,surge_sites,volume,1142368.9352120836
16,jolly pond,surge_morpho,surfaceArea,104885.87
16,jolly pond,surge_morpho,shorelineLength,2981.56
16,jolly pond,surge_morpho,shorelineDevelopment,2.6
16,jolly pond,surge_morpho,maxWidth,266.46
16,jolly pond,surge_morpho,meanWidth,157.9
16,jolly pond,surge_morpho,maxLength,726.2479
16,jolly pond,surge_sites,mean_depth,1.5933333333333333
16,jolly pond,surge_sites,max_depth,2.2
16,jolly pond,surge_sites,volume,161785.91147368503
17,Blue Lake,surge_morpho,surfaceArea,78747
17,Blue Lake,surge_morpho,shorelineLength,1062.76
17,Blue Lake,surge_morpho,shorelineDevelopment,1.07
17,Blue Lake,surge_morpho,maxWidth,313.06
17,Blue Lake,surge_morpho,meanWidth,235.73
17,Blue Lake,surge_morpho,maxLength,338.903
17,Blue Lake,surge_sites,mean_depth,1.84
17,Blue Lake,surge_sites,max_depth,2
17,Blue Lake,surge_sites,volume,147018.54253895208
18,Crooked Creek Reservoir,surge_morpho,surfaceArea,1476989.3
18,Crooked Creek Reservoir,surge_morpho,shorelineLength,12448.48
18,Crooked Creek Reservoir,surge_morpho,shorelineDevelopment,2.89
18,Crooked Creek Reservoir,surge_morpho,maxWidth,1319.3
18,Crooked Creek Reservoir,surge_morpho,meanWidth,622.7
18,Crooked Creek Reservoir,surge_morpho,maxLength,2402.1265
18,Crooked Creek Reservoir,surge_sites,mean_depth,1.2
18,Crooked Creek Reservoir,surge_sites,max_depth,3.2
18,Crooked Creek Reservoir,surge_sites,volume,1778313.0812308767
44,lake juniper,surge_morpho,surfaceArea,993997.89
44,lake juniper,surge_morpho,shorelineLength,10534.65
44,lake juniper,surge_morpho,shorelineDevelopment,2.98
44,lake juniper,surge_morpho,maxWidth,480.98
44,lake juniper,surge_morpho,meanWidth,534.8
44,lake juniper,surge_morpho,maxLength,1909.0329
44,lake juniper,surge_sites,mean_depth,2.2823529411764705
44,lake juniper,surge_sites,max_depth,4.7
44,lake juniper,surge_sites,volume,2362376.1588706556
45,Four Prong Lake,surge_morpho,surfaceArea,66339.12
45,Four Prong Lake,surge_morpho,shorelineLength,1189.59
45,Four Prong Lake,surge_morpho,shorelineDevelopment,1.3
45,Four Prong Lake,surge_morpho,maxWidth,264.67
45,Four Prong Lake,surge_morpho,meanWidth,162.57
45,Four Prong Lake,surge_morpho,maxLength,421.3251
45,Four Prong Lake,surge_sites,mean_depth,1.98
45,Four Prong Lake,surge_sites,max_depth,3.7
45,Four Prong Lake,surge_sites,volume,126682.57015605898
46,Maple Lake,surge_morpho,surfaceArea,87361.14
46,Maple Lake,surge_morpho,shorelineLength,1860.55
46,Maple Lake,surge_morpho,shorelineDevelopment,1.78
46,Maple Lake,surge_morpho,maxWidth,239.88
46,Maple Lake,surge_morpho,meanWidth,154.17
46,Maple Lake,surge_morpho,maxLength,600.2816
46,Maple Lake,surge_sites,mean_depth,1.06
46,Maple Lake,surge_sites,max_depth,1.5
46,Maple Lake,surge_sites,volume,95027.6729265666
47,Mirror Lake,surge_morpho,surfaceArea,478552.28
47,Mirror Lake,surge_morpho,shorelineLength,11977.03
47,Mirror Lake,surge_morpho,shorelineDevelopment,4.88
47,Mirror Lake,surge_morpho,maxWidth,744.78
47,Mirror Lake,surge_morpho,meanWidth,257.21
47,Mirror Lake,surge_morpho,maxLength,1903.6908
47,Mirror Lake,surge_sites,mean_depth,1.6400000000000001
47,Mirror Lake,surge_sites,max_depth,3.4
47,Mirror Lake,surge_sites,volume,884452.7490774329
49,Lake Stockwell,surge_morpho,surfaceArea,91137.04
49,Lake Stockwell,surge_morpho,shorelineLength,3797.19
49,Lake Stockwell,surge_morpho,shorelineDevelopment,3.55
49,Lake Stockwell,surge_morpho,maxWidth,312.07
49,Lake Stockwell,surge_morpho,meanWidth,168.67
49,Lake Stockwell,surge_morpho,maxLength,708.487
49,Lake Stockwell,surge_sites,mean_depth,1.5
49,Lake Stockwell,surge_sites,max_depth,2
49,Lake Stockwell,surge_sites,volume,133062.07663431336
51,Tully Lake,surge_morpho,surfaceArea,893425.95
51,Tully Lake,surge_morpho,shorelineLength,13611.68
51,Tully Lake,surge_morpho,shorelineDevelopment,4.06
51,Tully Lake,surge_morpho,maxWidth,1154.47
51,Tully Lake,surge_morpho,meanWidth,725.08
51,Tully Lake,surge_morpho,maxLength,1417.8245
51,Tully Lake,surge_sites,mean_depth,2.275
51,Tully Lake,surge_sites,max_depth,4.5
51,Tully Lake,surge_sites,volume,2207497.681894175
52,Lake Zoar,surge_morpho,surfaceArea,3499518.59
52,Lake Zoar,surge_morpho,shorelineLength,37546.47
52,Lake Zoar,surge_morpho,shorelineDevelopment,5.66
52,Lake Zoar,surge_morpho,maxWidth,1186.62
52,Lake Zoar,surge_morpho,meanWidth,1104.33
52,Lake Zoar,surge_morpho,maxLength,3238.7272
52,Lake Zoar,surge_sites,mean_depth,8.86
52,Lake Zoar,surge_sites,max_depth,16.1
52,Lake Zoar,surge_sites,volume,29473950.668919474
53,Morris Reservoir,surge_morpho,surfaceArea,546245.33
53,Morris Reservoir,surge_morpho,shorelineLength,6088.43
53,Morris Reservoir,surge_morpho,shorelineDevelopment,2.32
53,Morris Reservoir,surge_morpho,maxWidth,602.35
53,Morris Reservoir,surge_morpho,meanWidth,268.71
53,Morris Reservoir,surge_morpho,maxLength,2066.8876
53,Morris Reservoir,surge_sites,mean_depth,12.08
53,Morris Reservoir,surge_sites,max_depth,24.7
53,Morris Reservoir,surge_sites,volume,6873520.021255219
54,Spencer Lake,surge_morpho,surfaceArea,329664.85
54,Spencer Lake,surge_morpho,shorelineLength,4660.86
54,Spencer Lake,surge_morpho,shorelineDevelopment,2.29
54,Spencer Lake,surge_morpho,maxWidth,452.6
54,Spencer Lake,surge_morpho,meanWidth,426.13
54,Spencer Lake,surge_morpho,maxLength,849.1574
54,Spencer Lake,surge_sites,mean_depth,1.7866666666666666
54,Spencer Lake,surge_sites,max_depth,2.5
54,Spencer Lake,surge_sites,volume,608355.081514658
55,Zepernick Lake,surge_morpho,surfaceArea,113288.2
55,Zepernick Lake,surge_morpho,shorelineLength,2235.82
55,Zepernick Lake,surge_morpho,shorelineDevelopment,1.87
55,Zepernick Lake,surge_morpho,maxWidth,421.07
55,Zepernick Lake,surge_morpho,meanWidth,281.21
55,Zepernick Lake,surge_morpho,maxLength,515.6782
55,Zepernick Lake,surge_sites,mean_depth,2.1133333333333333
55,Zepernick Lake,surge_sites,max_depth,2.9
55,Zepernick Lake,surge_sites,volume,244299.9162750723
57,Slatersville Reservoir,surge_morpho,surfaceArea,565772.07
57,Slatersville Reservoir,surge_morpho,shorelineLength,6933.55
57,Slatersville Reservoir,surge_morpho,shorelineDevelopment,2.6
57,Slatersville Reservoir,surge_morpho,maxWidth,683.24
57,Slatersville Reservoir,surge_morpho,meanWidth,441.72
57,Slatersville Reservoir,surge_morpho,maxLength,1828.3671
57,Slatersville Reservoir,surge_sites,mean_depth,1.98
57,Slatersville Reservoir,surge_sites,max_depth,3.7
57,Slatersville Reservoir,surge_sites,volume,1252695.3668911245
64,Halls pond,surge_morpho,surfaceArea,314236.86
64,Halls pond,surge_morpho,shorelineLength,5018.19
64,Halls pond,surge_morpho,shorelineDevelopment,2.53
64,Halls pond,surge_morpho,maxWidth,490.14
64,Halls pond,surge_morpho,meanWidth,346.06
64,Halls pond,surge_morpho,maxLength,1008.5016
64,Halls pond,surge_sites,mean_depth,2.3333333333333335
64,Halls pond,surge_sites,max_depth,3.7
64,Halls pond,surge_sites,volume,718093.541182343
65,Weatherhead Hollow,surge_morpho,surfaceArea,112468.81
65,Weatherhead Hollow,surge_morpho,shorelineLength,2866.4
65,Weatherhead Hollow,surge_morpho,shorelineDevelopment,2.41
65,Weatherhead Hollow,surge_morpho,maxWidth,125.95
65,Weatherhead Hollow,surge_morpho,meanWidth,115.87
65,Weatherhead Hollow,surge_morpho,maxLength,1248.9424
65,Weatherhead Hollow,surge_sites,mean_depth,1.28
65,Weatherhead Hollow,surge_sites,max_depth,1.6
65,Weatherhead Hollow,surge_sites,volume,141697.81542865827
66,Norton Reservoir,surge_morpho,surfaceArea,1787945.44
66,Norton Reservoir,surge_morpho,shorelineLength,10429.07
66,Norton Reservoir,surge_morpho,shorelineDevelopment,2.2
66,Norton Reservoir,surge_morpho,maxWidth,1504.92
66,Norton Reservoir,surge_morpho,meanWidth,815.27
66,Norton Reservoir,surge_morpho,maxLength,2214.8225
66,Norton Reservoir,surge_sites,mean_depth,1.6153846153846154
66,Norton Reservoir,surge_sites,max_depth,2.4
66,Norton Reservoir,surge_sites,volume,2955514.2419776707
67,Fort Peck Trout pond,surge_morpho,surfaceArea,200158.69
67,Fort Peck Trout pond,surge_morpho,shorelineLength,2248.65
67,Fort Peck Trout pond,surge_morpho,shorelineDevelopment,1.42
67,Fort Peck Trout pond,surge_morpho,maxWidth,339.8
67,Fort Peck Trout pond,surge_morpho,meanWidth,235.85
67,Fort Peck Trout pond,surge_morpho,maxLength,939.8159
67,Fort Peck Trout pond,surge_sites,mean_depth,5.753333333333333
67,Fort Peck Trout pond,surge_sites,max_depth,7.6
67,Fort Peck Trout pond,surge_sites,volume,1230456.511855802
68,Tschida Lake,surge_morpho,surfaceArea,12226594.04
68,Tschida Lake,surge_morpho,shorelineLength,53419.11
68,Tschida Lake,surge_morpho,shorelineDevelopment,4.31
68,Tschida Lake,surge_morpho,maxWidth,2487.81
68,Tschida Lake,surge_morpho,meanWidth,2930.31
68,Tschida Lake,surge_morpho,maxLength,4632.9068
68,Tschida Lake,surge_sites,mean_depth,6.626666666666667
68,Tschida Lake,surge_sites,max_depth,26
68,Tschida Lake,surge_sites,volume,91161883.85816261
69,Lake Oahe,surge_morpho,surfaceArea,1239606742.49
69,Lake Oahe,surge_morpho,shorelineLength,3329202.76
69,Lake Oahe,surge_morpho,shorelineDevelopment,26.67
69,Lake Oahe,surge_morpho,maxWidth,43011
69,Lake Oahe,surge_morpho,meanWidth,73551.6
69,Lake Oahe,surge_morpho,maxLength,33969.9816
69,Lake Oahe,surge_sites,mean_depth,27.96909090909091
69,Lake Oahe,surge_sites,max_depth,113.3
69,Lake Oahe,surge_sites,volume,33300990690.647003
70,Lake Francis Case,surge_morpho,surfaceArea,328286204.77
70,Lake Francis Case,surge_morpho,shorelineLength,627129.13
70,Lake Francis Case,surge_morpho,shorelineDevelopment,9.76
70,Lake Francis Case,surge_morpho,maxWidth,12109
70,Lake Francis Case,surge_morpho,meanWidth,18093.09
70,Lake Francis Case,surge_morpho,maxLength,27581.4164
70,Lake Francis Case,surge_sites,mean_depth,12.163636363636364
70,Lake Francis Case,surge_sites,max_depth,24.9
70,Lake Francis Case,surge_sites,volume,3762338870.265191
71,willow creek,surge_morpho,surfaceArea,2554619.46
71,willow creek,surge_morpho,shorelineLength,9390.12
71,willow creek,surge_morpho,shorelineDevelopment,1.66
71,willow creek,surge_morpho,maxWidth,1620.71
71,willow creek,surge_morpho,meanWidth,1015.84
71,willow creek,surge_morpho,maxLength,2580.7102
71,willow creek,surge_sites,mean_depth,6.34
71,willow creek,surge_sites,max_depth,11
71,willow creek,surge_sites,volume,16505109.685715612
72,Nelson,surge_morpho,surfaceArea,8177579.78
72,Nelson,surge_morpho,shorelineLength,25441.67
72,Nelson,surge_morpho,shorelineDevelopment,2.51
72,Nelson,surge_morpho,maxWidth,2564.33
72,Nelson,surge_morpho,meanWidth,1243.44
72,Nelson,surge_morpho,maxLength,6725.4467
72,Nelson,surge_sites,mean_depth,5.886666666666667
72,Nelson,surge_sites,max_depth,9.9
72,Nelson,surge_sites,volume,48654364.21380213
75,freeman lake,surge_morpho,surfaceArea,203723.97
75,freeman lake,surge_morpho,shorelineLength,3502.09
75,freeman lake,surge_morpho,shorelineDevelopment,2.19
75,freeman lake,surge_morpho,maxWidth,411.39
75,freeman lake,surge_morpho,meanWidth,187.52
75,freeman lake,surge_morpho,maxLength,1171.8677
75,freeman lake,surge_sites,mean_depth,2.6799999999999997
75,freeman lake,surge_sites,max_depth,5.1
75,freeman lake,surge_sites,volume,605986.0090475233
76,Eureka Reservoir,surge_morpho,surfaceArea,350680.2
76,Eureka Reservoir,surge_morpho,shorelineLength,4962.95
76,Eureka Reservoir,surge_morpho,shorelineDevelopment,2.36
76,Eureka Reservoir,surge_morpho,maxWidth,427.21
76,Eureka Reservoir,surge_morpho,meanWidth,312.57
76,Eureka Reservoir,surge_morpho,maxLength,1129.6937
76,Eureka Reservoir,surge_sites,mean_depth,7.12
76,Eureka Reservoir,surge_sites,max_depth,10.6
76,Eureka Reservoir,surge_sites,volume,2581880.8184132655
77,Cottonwood Reservoir,surge_morpho,surfaceArea,270307.64
77,Cottonwood Reservoir,surge_morpho,shorelineLength,3661.9
77,Cottonwood Reservoir,surge_morpho,shorelineDevelopment,1.99
77,Cottonwood Reservoir,surge_morpho,maxWidth,597.9
77,Cottonwood Reservoir,surge_morpho,meanWidth,251.74
77,Cottonwood Reservoir,surge_morpho,maxLength,1091.7447
77,Cottonwood Reservoir,surge_sites,mean_depth,2.2399999999999998
77,Cottonwood Reservoir,surge_sites,max_depth,5.3
77,Cottonwood Reservoir,surge_sites,volume,736560.1142736312
78,owens lake,surge_morpho,surfaceArea,493911.38
78,owens lake,surge_morpho,shorelineLength,6979.85
78,owens lake,surge_morpho,shorelineDevelopment,2.8
78,owens lake,surge_morpho,maxWidth,452.02
78,owens lake,surge_morpho,meanWidth,370.19
78,owens lake,surge_morpho,maxLength,1676.1201
78,owens lake,surge_sites,mean_depth,2.3866666666666667
78,owens lake,surge_sites,max_depth,4.3
78,owens lake,surge_sites,volume,1064671.5858597578
79,Roosevelt Lake,surge_morpho,surfaceArea,317888.31
79,Roosevelt Lake,surge_morpho,shorelineLength,4802.2
79,Roosevelt Lake,surge_morpho,shorelineDevelopment,2.4
79,Roosevelt Lake,surge_morpho,maxWidth,852.44
79,Roosevelt Lake,surge_morpho,meanWidth,377.03
79,Roosevelt Lake,surge_morpho,maxLength,896.9599
79,Roosevelt Lake,surge_sites,mean_depth,1.9866666666666666
79,Roosevelt Lake,surge_sites,max_depth,4.3
79,Roosevelt Lake,surge_sites,volume,734968.2902687356
82,lake montclair,surge_morpho,surfaceArea,388246.99
82,lake montclair,surge_morpho,shorelineLength,9399
82,lake montclair,surge_morpho,shorelineDevelopment,4.26
82,lake montclair,surge_morpho,maxWidth,813.84
82,lake montclair,surge_morpho,meanWidth,444.25
82,lake montclair,surge_morpho,maxLength,902.5316
82,lake montclair,surge_sites,mean_depth,5
82,lake montclair,surge_sites,max_depth,14.5
82,lake montclair,surge_sites,volume,2029616.3965726336
83,Monroe,surge_morpho,surfaceArea,42430271.5
83,Monroe,surge_morpho,shorelineLength,156676.2
83,Monroe,surge_morpho,shorelineDevelopment,6.79
83,Monroe,surge_morpho,maxWidth,5625.19
83,Monroe,surge_morpho,meanWidth,5279.4
83,Monroe,surge_morpho,maxLength,8078.7623
83,Monroe,surge_sites,mean_depth,4.53
83,Monroe,surge_sites,max_depth,9.8
83,Monroe,surge_sites,volume,204905758.53562668
84,Marrowbone Lake,surge_morpho,surfaceArea,194509.33
84,Marrowbone Lake,surge_morpho,shorelineLength,5293.31
84,Marrowbone Lake,surge_morpho,shorelineDevelopment,3.39
84,Marrowbone Lake,surge_morpho,maxWidth,449.31
84,Marrowbone Lake,surge_morpho,meanWidth,273.31
84,Marrowbone Lake,surge_morpho,maxLength,877.814
84,Marrowbone Lake,surge_sites,mean_depth,5.1
84,Marrowbone Lake,surge_sites,max_depth,10.5
84,Marrowbone Lake,surge_sites,volume,1083891.851413676
98,Hickory Nut Upper Lake_Big Mirror Lake,surge_morpho,surfaceArea,86892.87
98,Hickory Nut Upper Lake_Big Mirror Lake,surge_morpho,shorelineLength,2374.45
98,Hickory Nut Upper Lake_Big Mirror Lake,surge_morpho,shorelineDevelopment,2.27
98,Hickory Nut Upper Lake_Big Mirror Lake,surge_morpho,maxWidth,313.6
98,Hickory Nut Upper Lake_Big Mirror Lake,surge_morpho,meanWidth,160.86
98,Hickory Nut Upper Lake_Big Mirror Lake,surge_morpho,maxLength,645.3933
98,Hickory Nut Upper Lake_Big Mirror Lake,surge_sites,mean_depth,5.44
98,Hickory Nut Upper Lake_Big Mirror Lake,surge_sites,max_depth,8.5
98,Hickory Nut Upper Lake_Big Mirror Lake,surge_sites,volume,477568.306967781
99,Lake Hamilton,surge_morpho,surfaceArea,16891555.68
99,Lake Hamilton,surge_morpho,shorelineLength,124258.84
99,Lake Hamilton,surge_morpho,shorelineDevelopment,8.53
99,Lake Hamilton,surge_morpho,maxWidth,4100.41
99,Lake Hamilton,surge_morpho,meanWidth,4179.62
99,Lake Hamilton,surge_morpho,maxLength,4809.0295
99,Lake Hamilton,surge_sites,mean_depth,9.442105263157895
99,Lake Hamilton,surge_sites,max_depth,27
99,Lake Hamilton,surge_sites,volume,191615361.7057391
100,Lake Hanna,surge_morpho,surfaceArea,552757.01
100,Lake Hanna,surge_morpho,shorelineLength,6179.4
100,Lake Hanna,surge_morpho,shorelineDevelopment,2.34
100,Lake Hanna,surge_morpho,maxWidth,865.55
100,Lake Hanna,surge_morpho,meanWidth,570.62
100,Lake Hanna,surge_morpho,maxLength,993.237
100,Lake Hanna,surge_sites,mean_depth,3.6733333333333333
100,Lake Hanna,surge_sites,max_depth,7.4
100,Lake Hanna,surge_sites,volume,2166183.160973331
101,Hammertown Lake,surge_morpho,surfaceArea,604720.29
101,Hammertown Lake,surge_morpho,shorelineLength,10098.85
101,Hammertown Lake,surge_morpho,shorelineDevelopment,3.66
101,Hammertown Lake,surge_morpho,maxWidth,781.34
101,Hammertown Lake,surge_morpho,meanWidth,430.13
101,Hammertown Lake,surge_morpho,maxLength,1505.1047
101,Hammertown Lake,surge_sites,mean_depth,7.826666666666666
101,Hammertown Lake,surge_sites,max_depth,15.2
101,Hammertown Lake,surge_sites,volume,5232071.31835191
102,Atagahi,surge_morpho,surfaceArea,302470.72
102,Atagahi,surge_morpho,shorelineLength,6049.58
102,Atagahi,surge_morpho,shorelineDevelopment,3.1
102,Atagahi,surge_morpho,maxWidth,424.7
102,Atagahi,surge_morpho,meanWidth,327.61
102,Atagahi,surge_morpho,maxLength,1190.4423
102,Atagahi,surge_sites,mean_depth,5.64
102,Atagahi,surge_sites,max_depth,12.2
102,Atagahi,surge_sites,volume,1802127.585779542
103,Piney Run Lake,surge_morpho,surfaceArea,1036850.25
103,Piney Run Lake,surge_morpho,shorelineLength,11809.28
103,Piney Run Lake,surge_morpho,shorelineDevelopment,3.27
103,Piney Run Lake,surge_morpho,maxWidth,871.35
103,Piney Run Lake,surge_morpho,meanWidth,434.64
103,Piney Run Lake,surge_morpho,maxLength,2656.3107
103,Piney Run Lake,surge_sites,mean_depth,5.586666666666667
103,Piney Run Lake,surge_sites,max_depth,12
103,Piney Run Lake,surge_sites,volume,6899846.985768236
116,Krodel Park,surge_morpho,surfaceArea,83224.09
116,Krodel Park,surge_morpho,shorelineLength,1896.07
116,Krodel Park,surge_morpho,shorelineDevelopment,1.85
116,Krodel Park,surge_morpho,maxWidth,196.12
116,Krodel Park,surge_morpho,meanWidth,360.52
116,Krodel Park,surge_morpho,maxLength,573.0863
116,Krodel Park,surge_sites,mean_depth,2.1066666666666665
116,Krodel Park,surge_sites,max_depth,2.8
116,Krodel Park,surge_sites,volume,182775.9013758273
117,acworth lake,surge_morpho,surfaceArea,999359.2
117,acworth lake,surge_morpho,shorelineLength,8050.01
117,acworth lake,surge_morpho,shorelineDevelopment,2.27
117,acworth lake,surge_morpho,maxWidth,851.38
117,acworth lake,surge_morpho,meanWidth,476.54
117,acworth lake,surge_morpho,maxLength,2134.9981
117,acworth lake,surge_sites,mean_depth,2.3066666666666666
117,acworth lake,surge_sites,max_depth,4.6
117,acworth lake,surge_sites,volume,2356767.523316202
119,Beaver Pond,surge_morpho,surfaceArea,98318.8
119,Beaver Pond,surge_morpho,shorelineLength,3213.17
119,Beaver Pond,surge_morpho,shorelineDevelopment,2.89
119,Beaver Pond,surge_morpho,maxWidth,161.35
119,Beaver Pond,surge_morpho,meanWidth,311.88
119,Beaver Pond,surge_morpho,maxLength,473.4869
119,Beaver Pond,surge_sites,mean_depth,1.8466666666666667
119,Beaver Pond,surge_sites,max_depth,2.9
119,Beaver Pond,surge_sites,volume,180405.585665798
136,Arrow Head Lake,surge_morpho,surfaceArea,221926.31
136,Arrow Head Lake,surge_morpho,shorelineLength,2564.91
136,Arrow Head Lake,surge_morpho,shorelineDevelopment,1.54
136,Arrow Head Lake,surge_morpho,maxWidth,405.98
136,Arrow Head Lake,surge_morpho,meanWidth,286.62
136,Arrow Head Lake,surge_morpho,maxLength,848.1143
136,Arrow Head Lake,surge_sites,mean_depth,2.533333333333333
136,Arrow Head Lake,surge_sites,max_depth,5.6
136,Arrow Head Lake,surge_sites,volume,597607.9586535651
137,Burnsville Lake,surge_morpho,surfaceArea,2762603.45
137,Burnsville Lake,surge_morpho,shorelineLength,38843.33
137,Burnsville Lake,surge_morpho,shorelineDevelopment,6.59
137,Burnsville Lake,surge_morpho,maxWidth,1626.46
137,Burnsville Lake,surge_morpho,meanWidth,1050.57
137,Burnsville Lake,surge_morpho,maxLength,2941.145
137,Burnsville Lake,surge_sites,mean_depth,4.82
137,Burnsville Lake,surge_sites,max_depth,10
137,Burnsville Lake,surge_sites,volume,14402940.542501189
138,Suck cr,surge_morpho,surfaceArea,195363.54
138,Suck cr,surge_morpho,shorelineLength,4969.85
138,Suck cr,surge_morpho,shorelineDevelopment,3.17
138,Suck cr,surge_morpho,maxWidth,526.14
138,Suck cr,surge_morpho,meanWidth,216.88
138,Suck cr,surge_morpho,maxLength,934.4537
138,Suck cr,surge_sites,mean_depth,3.2133333333333334
138,Suck cr,surge_sites,max_depth,5.3
138,Suck cr,surge_sites,volume,617326.81103756
146,Canton Lake,surge_morpho,surfaceArea,28399736.64
146,Canton Lake,surge_morpho,shorelineLength,47899.23
146,Canton Lake,surge_morpho,shorelineDevelopment,2.54
146,Canton Lake,surge_morpho,maxWidth,4886.55
146,Canton Lake,surge_morpho,meanWidth,2986.87
146,Canton Lake,surge_morpho,maxLength,9654.346
146,Canton Lake,surge_sites,mean_depth,4.08
146,Canton Lake,surge_sites,max_depth,8.3
146,Canton Lake,surge_sites,volume,136718197.64990124
147,Lake Jean Neustadt,surge_morpho,surfaceArea,1705197.2
147,Lake Jean Neustadt,surge_morpho,shorelineLength,16055.85
147,Lake Jean Neustadt,surge_morpho,shorelineDevelopment,3.47
147,Lake Jean Neustadt,surge_morpho,maxWidth,1795.72
147,Lake Jean Neustadt,surge_morpho,meanWidth,786.3
147,Lake Jean Neustadt,surge_morpho,maxLength,2328.4406
147,Lake Jean Neustadt,surge_sites,mean_depth,3.223333333333333
147,Lake Jean Neustadt,surge_sites,max_depth,7.3
147,Lake Jean Neustadt,surge_sites,volume,5482465.413054934
148,Keystone,surge_morpho,surfaceArea,64886666.35
148,Keystone,surge_morpho,shorelineLength,275250.53
148,Keystone,surge_morpho,shorelineDevelopment,9.64
148,Keystone,surge_morpho,maxWidth,10734.99
148,Keystone,surge_morpho,meanWidth,5536.14
148,Keystone,surge_morpho,maxLength,12268.5417
148,Keystone,surge_sites,mean_depth,6.6466666666666665
148,Keystone,surge_sites,max_depth,13.5
148,Keystone,surge_sites,volume,433202084.8027893
149,Sherman Reservoir,surge_morpho,surfaceArea,10405058.38
149,Sherman Reservoir,surge_morpho,shorelineLength,60381.05
149,Sherman Reservoir,surge_morpho,shorelineDevelopment,5.28
149,Sherman Reservoir,surge_morpho,maxWidth,3208.1
149,Sherman Reservoir,surge_morpho,meanWidth,1557.77
149,Sherman Reservoir,surge_morpho,maxLength,6684.3038
149,Sherman Reservoir,surge_sites,mean_depth,4.566666666666666
149,Sherman Reservoir,surge_sites,max_depth,11
149,Sherman Reservoir,surge_sites,volume,57390905.92572235
155,Lake Minatare,surge_morpho,surfaceArea,6690345.77
155,Lake Minatare,surge_morpho,shorelineLength,16817.62
155,Lake Minatare,surge_morpho,shorelineDevelopment,1.83
155,Lake Minatare,surge_morpho,maxWidth,3061.24
155,Lake Minatare,surge_morpho,meanWidth,2024.33
155,Lake Minatare,surge_morpho,maxLength,3316.7104
155,Lake Minatare,surge_sites,mean_depth,8.086666666666666
155,Lake Minatare,surge_sites,max_depth,13.8
155,Lake Minatare,surge_sites,volume,63094787.10183838
157,Storrie Lake,surge_morpho,surfaceArea,1560850.24
157,Storrie Lake,surge_morpho,shorelineLength,7584.54
157,Storrie Lake,surge_morpho,shorelineDevelopment,1.71
157,Storrie Lake,surge_morpho,maxWidth,1139.34
157,Storrie Lake,surge_morpho,meanWidth,881.36
157,Storrie Lake,surge_morpho,maxLength,1803.4044
157,Storrie Lake,surge_sites,mean_depth,2.3333333333333335
157,Storrie Lake,surge_sites,max_depth,4.4
157,Storrie Lake,surge_sites,volume,3848976.9536920777
159,Eaglewatch Lake,surge_morpho,surfaceArea,174674.41
159,Eaglewatch Lake,surge_morpho,shorelineLength,2348.6
159,Eaglewatch Lake,surge_morpho,shorelineDevelopment,1.59
159,Eaglewatch Lake,surge_morpho,maxWidth,326.77
159,Eaglewatch Lake,surge_morpho,meanWidth,207.58
159,Eaglewatch Lake,surge_morpho,maxLength,886.1549
159,Eaglewatch Lake,surge_sites,mean_depth,7.346666666666667
159,Eaglewatch Lake,surge_sites,max_depth,10.8
159,Eaglewatch Lake,surge_sites,volume,1331338.964013456
165,Beaver pond,surge_morpho,surfaceArea,132922.2
165,Beaver pond,surge_morpho,shorelineLength,2269.53
165,Beaver pond,surge_morpho,shorelineDevelopment,1.76
165,Beaver pond,surge_morpho,maxWidth,274.82
165,Beaver pond,surge_morpho,meanWidth,190.58
165,Beaver pond,surge_morpho,maxLength,750.9093
165,Beaver pond,surge_sites,mean_depth,2.88
165,Beaver pond,surge_sites,max_depth,4
165,Beaver pond,surge_sites,volume,399649.92782166565
166,Cloud Southern Plains,surge_morpho,surfaceArea,29141.58
166,Cloud Southern Plains,surge_morpho,shorelineLength,1126.35
166,Cloud Southern Plains,surge_morpho,shorelineDevelopment,1.86
166,Cloud Southern Plains,surge_morpho,maxWidth,189.99
166,Cloud Southern Plains,surge_morpho,meanWidth,130.96
166,Cloud Southern Plains,surge_morpho,maxLength,278.6899
166,Cloud Southern Plains,surge_sites,mean_depth,1.8266666666666667
166,Cloud Southern Plains,surge_sites,max_depth,3.3
166,Cloud Southern Plains,surge_sites,volume,62910.84307667676
167,Lake Overholser,surge_morpho,surfaceArea,6043737.67
167,Lake Overholser,surge_morpho,shorelineLength,10533.46
167,Lake Overholser,surge_morpho,shorelineDevelopment,1.21
167,Lake Overholser,surge_morpho,maxWidth,2829.68
167,Lake Overholser,surge_morpho,meanWidth,1655.19
167,Lake Overholser,surge_morpho,maxLength,3667.6555
167,Lake Overholser,surge_sites,mean_depth,2.78
167,Lake Overholser,surge_sites,max_depth,4.1
167,Lake Overholser,surge_sites,volume,16519155.500290558
184,Rush Cr. Site 17 Reservoir,surge_morpho,surfaceArea,48455.75
184,Rush Cr. Site 17 Reservoir,surge_morpho,shorelineLength,1123.35
184,Rush Cr. Site 17 Reservoir,surge_morpho,shorelineDevelopment,1.44
184,Rush Cr. Site 17 Reservoir,surge_morpho,maxWidth,173.05
184,Rush Cr. Site 17 Reservoir,surge_morpho,meanWidth,130.87
184,Rush Cr. Site 17 Reservoir,surge_morpho,maxLength,428.018
184,Rush Cr. Site 17 Reservoir,surge_sites,mean_depth,3.1933333333333334
184,Rush Cr. Site 17 Reservoir,surge_sites,max_depth,5.1
184,Rush Cr. Site 17 Reservoir,surge_sites,volume,163704.27568549084
186,Boulder Reservoir,surge_morpho,surfaceArea,2043089.45
186,Boulder Reservoir,surge_morpho,shorelineLength,6663.33
186,Boulder Reservoir,surge_morpho,shorelineDevelopment,1.32
186,Boulder Reservoir,surge_morpho,maxWidth,1507.81
186,Boulder Reservoir,surge_morpho,meanWidth,979.27
186,Boulder Reservoir,surge_morpho,maxLength,2126.873
186,Boulder Reservoir,surge_sites,mean_depth,5.826666666666667
186,Boulder Reservoir,surge_sites,max_depth,7.7
186,Boulder Reservoir,surge_sites,volume,11659789.8835524
188,Stubblefield,surge_morpho,surfaceArea,1022310.85
188,Stubblefield,surge_morpho,shorelineLength,6421.28
188,Stubblefield,surge_morpho,shorelineDevelopment,1.79
188,Stubblefield,surge_morpho,maxWidth,754.57
188,Stubblefield,surge_morpho,meanWidth,832.51
188,Stubblefield,surge_morpho,maxLength,2247.5458
188,Stubblefield,surge_sites,mean_depth,1.9
188,Stubblefield,surge_sites,max_depth,3.5
188,Stubblefield,surge_sites,volume,2044830.7252831087
190,Bluestem Lake,surge_morpho,surfaceArea,3024877.36
190,Bluestem Lake,surge_morpho,shorelineLength,25097.65
190,Bluestem Lake,surge_morpho,shorelineDevelopment,4.07
190,Bluestem Lake,surge_morpho,maxWidth,1442.42
190,Bluestem Lake,surge_morpho,meanWidth,659.74
190,Bluestem Lake,surge_morpho,maxLength,4624.4828
190,Bluestem Lake,surge_sites,mean_depth,7.653333333333333
190,Bluestem Lake,surge_sites,max_depth,15.2
190,Bluestem Lake,surge_sites,volume,21430586.187605955
191,Lake Fisher,surge_morpho,surfaceArea,280530.42
191,Lake Fisher,surge_morpho,shorelineLength,4219.56
191,Lake Fisher,surge_morpho,shorelineDevelopment,2.25
191,Lake Fisher,surge_morpho,maxWidth,656.26
191,Lake Fisher,surge_morpho,meanWidth,301.52
191,Lake Fisher,surge_morpho,maxLength,1074.8283
191,Lake Fisher,surge_sites,mean_depth,3.5666666666666664
191,Lake Fisher,surge_sites,max_depth,6.1
191,Lake Fisher,surge_sites,volume,1071602.821320888
195,Monee Reservoir,surge_morpho,surfaceArea,139098.59
195,Monee Reservoir,surge_morpho,shorelineLength,3016.56
195,Monee Reservoir,surge_morpho,shorelineDevelopment,2.28
195,Monee Reservoir,surge_morpho,maxWidth,357.89
195,Monee Reservoir,surge_morpho,meanWidth,194.72
195,Monee Reservoir,surge_morpho,maxLength,753.2855
195,Monee Reservoir,surge_sites,mean_depth,3.3
195,Monee Reservoir,surge_sites,max_depth,6.1
195,Monee Reservoir,surge_sites,volume,465629.1750221115
204,Beaver Creek Upground,surge_morpho,surfaceArea,437119.15
204,Beaver Creek Upground,surge_morpho,shorelineLength,2597.48
204,Beaver Creek Upground,surge_morpho,shorelineDevelopment,1.11
204,Beaver Creek Upground,surge_morpho,maxWidth,843.66
204,Beaver Creek Upground,surge_morpho,meanWidth,489.24
204,Beaver Creek Upground,surge_morpho,maxLength,904.618
204,Beaver Creek Upground,surge_sites,mean_depth,5.92
204,Beaver Creek Upground,surge_sites,max_depth,9.2
204,Beaver Creek Upground,surge_sites,volume,2533155.432870225
205,Lake Station,surge_morpho,surfaceArea,119601.74
205,Lake Station,surge_morpho,shorelineLength,1999.64
205,Lake Station,surge_morpho,shorelineDevelopment,1.63
205,Lake Station,surge_morpho,maxWidth,302.11
205,Lake Station,surge_morpho,meanWidth,189.74
205,Lake Station,surge_morpho,maxLength,634.7302
205,Lake Station,surge_sites,mean_depth,4.513333333333334
205,Lake Station,surge_sites,max_depth,9.1
205,Lake Station,surge_sites,volume,403618.89004420186
206,Wyandotte County Lake,surge_morpho,surfaceArea,1278623.67
206,Wyandotte County Lake,surge_morpho,shorelineLength,13284.95
206,Wyandotte County Lake,surge_morpho,shorelineDevelopment,3.31
206,Wyandotte County Lake,surge_morpho,maxWidth,1115.46
206,Wyandotte County Lake,surge_morpho,meanWidth,620.41
206,Wyandotte County Lake,surge_morpho,maxLength,2211.0009
206,Wyandotte County Lake,surge_sites,mean_depth,9.6466666666666665
206,Wyandotte County Lake,surge_sites,max_depth,16.4
206,Wyandotte County Lake,surge_sites,volume,13236617.6988997
207,Old Mans Lake,surge_morpho,surfaceArea,488690.92
207,Old Mans Lake,surge_morpho,shorelineLength,21130.16
207,Old Mans Lake,surge_morpho,shorelineDevelopment,8.53
207,Old Mans Lake,surge_morpho,maxWidth,468.57
207,Old Mans Lake,surge_morpho,meanWidth,172.01
207,Old Mans Lake,surge_morpho,maxLength,4489.3854
207,Old Mans Lake,surge_sites,mean_depth,5.666666666666667
207,Old Mans Lake,surge_sites,max_depth,14.4
207,Old Mans Lake,surge_sites,volume,2726263.8712651934
208,Lake Lancelot,surge_morpho,surfaceArea,175142.25
208,Lake Lancelot,surge_morpho,shorelineLength,4644.69
208,Lake Lancelot,surge_morpho,shorelineDevelopment,3.13
208,Lake Lancelot,surge_morpho,maxWidth,385.77
208,Lake Lancelot,surge_morpho,meanWidth,225.3
208,Lake Lancelot,surge_morpho,maxLength,855.5673
208,Lake Lancelot,surge_sites,mean_depth,3.8533333333333335
208,Lake Lancelot,surge_sites,max_depth,7.6
208,Lake Lancelot,surge_sites,volume,752229.2233593321
209,Otter Lake,surge_morpho,surfaceArea,102732.01
209,Otter Lake,surge_morpho,shorelineLength,2767.72
209,Otter Lake,surge_morpho,shorelineDevelopment,2.44
209,Otter Lake,surge_morpho,maxWidth,478.65
209,Otter Lake,surge_morpho,meanWidth,166.88
209,Otter Lake,surge_morpho,maxLength,667.3333
209,Otter Lake,surge_sites,mean_depth,3.986666666666667
209,Otter Lake,surge_sites,max_depth,7.1
209,Otter Lake,surge_sites,volume,433920.896618821
210,Lake Dalercarlia,surge_morpho,surfaceArea,671629.63
210,Lake Dalercarlia,surge_morpho,shorelineLength,9782.72
210,Lake Dalercarlia,surge_morpho,shorelineDevelopment,3.37
210,Lake Dalercarlia,surge_morpho,maxWidth,645.99
210,Lake Dalercarlia,surge_morpho,meanWidth,451.19
210,Lake Dalercarlia,surge_morpho,maxLength,1489.5258
210,Lake Dalercarlia,surge_sites,mean_depth,1.46
210,Lake Dalercarlia,surge_sites,max_depth,1.9
210,Lake Dalercarlia,surge_sites,volume,993216.9824958035
211,Madison Lake,surge_morpho,surfaceArea,376172.55
211,Madison Lake,surge_morpho,shorelineLength,7276.92
211,Madison Lake,surge_morpho,shorelineDevelopment,3.35
211,Madison Lake,surge_morpho,maxWidth,415.7
211,Madison Lake,surge_morpho,meanWidth,263.08
211,Madison Lake,surge_morpho,maxLength,1443.079
211,Madison Lake,surge_sites,mean_depth,1
211,Madison Lake,surge_sites,max_depth,1.3
211,Madison Lake,surge_sites,volume,382966.4571788207
214,Lake of the Woods,surge_morpho,surfaceArea,108345.7
214,Lake of the Woods,surge_morpho,shorelineLength,2915.32
214,Lake of the Woods,surge_morpho,shorelineDevelopment,2.5
214,Lake of the Woods,surge_morpho,maxWidth,308.14
214,Lake of the Woods,surge_morpho,meanWidth,170.07
214,Lake of the Woods,surge_morpho,maxLength,642.7002
214,Lake of the Woods,surge_sites,mean_depth,2.486666666666667
214,Lake of the Woods,surge_sites,max_depth,4.8
214,Lake of the Woods,surge_sites,volume,259586.10197202014
230,Yellow Banks Lake,surge_morpho,surfaceArea,92220.22
230,Yellow Banks Lake,surge_morpho,shorelineLength,2027.75
230,Yellow Banks Lake,surge_morpho,shorelineDevelopment,1.88
230,Yellow Banks Lake,surge_morpho,maxWidth,417.69
230,Yellow Banks Lake,surge_morpho,meanWidth,168.43
230,Yellow Banks Lake,surge_morpho,maxLength,581.2975
230,Yellow Banks Lake,surge_sites,mean_depth,3.8
230,Yellow Banks Lake,surge_sites,max_depth,5.8
230,Yellow Banks Lake,surge_sites,volume,344540.8929923797
231,mina lake,surge_morpho,surfaceArea,2976649.73
231,mina lake,surge_morpho,shorelineLength,30227.37
231,mina lake,surge_morpho,shorelineDevelopment,4.94
231,mina lake,surge_morpho,maxWidth,1488.74
231,mina lake,surge_morpho,meanWidth,1159.33
231,mina lake,surge_morpho,maxLength,3071.2128
231,mina lake,surge_sites,mean_depth,3.92
231,mina lake,surge_sites,max_depth,6.3
231,mina lake,surge_sites,volume,12099325.620435005
232,harvey dam,surge_morpho,surfaceArea,1012783.06
232,harvey dam,surge_morpho,shorelineLength,13736.58
232,harvey dam,surge_morpho,shorelineDevelopment,3.85
232,harvey dam,surge_morpho,maxWidth,438.05
232,harvey dam,surge_morpho,meanWidth,402.48
232,harvey dam,surge_morpho,maxLength,2566.1713
232,harvey dam,surge_sites,mean_depth,2.6266666666666665
232,harvey dam,surge_sites,max_depth,4.7
232,harvey dam,surge_sites,volume,2636439.2865839144
233,Redstone Lake,surge_morpho,surfaceArea,2469941.7
233,Redstone Lake,surge_morpho,shorelineLength,28016.73
233,Redstone Lake,surge_morpho,shorelineDevelopment,5.03
233,Redstone Lake,surge_morpho,maxWidth,1266.64
233,Redstone Lake,surge_morpho,meanWidth,740.41
233,Redstone Lake,surge_morpho,maxLength,3380.8049
233,Redstone Lake,surge_sites,mean_depth,4.36
233,Redstone Lake,surge_sites,max_depth,7.9
233,Redstone Lake,surge_sites,volume,12497806.31443594
234,Palmer Lake,surge_morpho,surfaceArea,1950895.3
234,Palmer Lake,surge_morpho,shorelineLength,11286.74
234,Palmer Lake,surge_morpho,shorelineDevelopment,2.28
234,Palmer Lake,surge_morpho,maxWidth,1388.43
234,Palmer Lake,surge_morpho,meanWidth,813.43
234,Palmer Lake,surge_morpho,maxLength,2519.6411
234,Palmer Lake,surge_sites,mean_depth,4.7
234,Palmer Lake,surge_sites,max_depth,13.5
234,Palmer Lake,surge_sites,volume,9740400.37883754
235,Sylvan Lake,surge_morpho,surfaceArea,2371370.66
235,Sylvan Lake,surge_morpho,shorelineLength,21307.63
235,Sylvan Lake,surge_morpho,shorelineDevelopment,3.9
235,Sylvan Lake,surge_morpho,maxWidth,1282.63
235,Sylvan Lake,surge_morpho,meanWidth,1067.69
235,Sylvan Lake,surge_morpho,maxLength,2240.1581
235,Sylvan Lake,surge_sites,mean_depth,2.6866666666666665
235,Sylvan Lake,surge_sites,max_depth,9.9
235,Sylvan Lake,surge_sites,volume,7504847.189960555
236,Meyer Lake,surge_morpho,surfaceArea,124598.88
236,Meyer Lake,surge_morpho,shorelineLength,2526.73
236,Meyer Lake,surge_morpho,shorelineDevelopment,2.02
236,Meyer Lake,surge_morpho,maxWidth,337.91
236,Meyer Lake,surge_morpho,meanWidth,172.33
236,Meyer Lake,surge_morpho,maxLength,728.0719
236,Meyer Lake,surge_sites,mean_depth,4.466666666666667
236,Meyer Lake,surge_sites,max_depth,7.5
236,Meyer Lake,surge_sites,volume,559246.9010828605
237,Sidie Hollow Lake,surge_morpho,surfaceArea,123432.3
237,Sidie Hollow Lake,surge_morpho,shorelineLength,2818.04
237,Sidie Hollow Lake,surge_morpho,shorelineDevelopment,2.26
237,Sidie Hollow Lake,surge_morpho,maxWidth,668.1
237,Sidie Hollow Lake,surge_morpho,meanWidth,184.88
237,Sidie Hollow Lake,surge_morpho,maxLength,766.9629
237,Sidie Hollow Lake,surge_sites,mean_depth,4.266666666666667
237,Sidie Hollow Lake,surge_sites,max_depth,6.3
237,Sidie Hollow Lake,surge_sites,volume,513488.4458551815
238,beulah,surge_morpho,surfaceArea,4765759.52
238,beulah,surge_morpho,shorelineLength,9587.35
238,beulah,surge_morpho,shorelineDevelopment,1.24
238,beulah,surge_morpho,maxWidth,2025.92
238,beulah,surge_morpho,meanWidth,1409.38
238,beulah,surge_morpho,maxLength,3383.294
238,beulah,surge_sites,mean_depth,8.433333333333334
238,beulah,surge_sites,max_depth,15.8
238,beulah,surge_sites,volume,44559812.842233114
239,Philips,surge_morpho,surfaceArea,2196013.78
239,Philips,surge_morpho,shorelineLength,10336.7
239,Philips,surge_morpho,shorelineDevelopment,1.97
239,Philips,surge_morpho,maxWidth,893.67
239,Philips,surge_morpho,meanWidth,710.14
239,Philips,surge_morpho,maxLength,3119.0358
239,Philips,surge_sites,mean_depth,15.06
239,Philips,surge_sites,max_depth,27.2
239,Philips,surge_sites,volume,37743384.227386594
240,stockade lake,surge_morpho,surfaceArea,498980.36
240,stockade lake,surge_morpho,shorelineLength,5379.8
240,stockade lake,surge_morpho,shorelineDevelopment,2.15
240,stockade lake,surge_morpho,maxWidth,1004.16
240,stockade lake,surge_morpho,meanWidth,399.92
240,stockade lake,surge_morpho,maxLength,1360.8788
240,stockade lake,surge_sites,mean_depth,5.833333333333333
240,stockade lake,surge_sites,max_depth,11.7
240,stockade lake,surge_sites,volume,3181747.624741088
247,Heron Reservoir,surge_morpho,surfaceArea,4132986.63
247,Heron Reservoir,surge_morpho,shorelineLength,25713.36
247,Heron Reservoir,surge_morpho,shorelineDevelopment,3.57
247,Heron Reservoir,surge_morpho,maxWidth,1960.19
247,Heron Reservoir,surge_morpho,meanWidth,978.92
247,Heron Reservoir,surge_morpho,maxLength,4622.936
247,Heron Reservoir,surge_sites,mean_depth,18.973333333333333
247,Heron Reservoir,surge_sites,max_depth,28.3
247,Heron Reservoir,surge_sites,volume,78475550.461885
249,Emigrant,surge_morpho,surfaceArea,1864879.38
249,Emigrant,surge_morpho,shorelineLength,14260.68
249,Emigrant,surge_morpho,shorelineDevelopment,2.95
249,Emigrant,surge_morpho,maxWidth,1540.83
249,Emigrant,surge_morpho,meanWidth,663.59
249,Emigrant,surge_morpho,maxLength,2856.4608
249,Emigrant,surge_sites,mean_depth,10.106666666666667
249,Emigrant,surge_sites,max_depth,26.6
249,Emigrant,surge_sites,volume,21991820.5436187
250,East Fork Reservoir,surge_morpho,surfaceArea,1311273.81
250,East Fork Reservoir,surge_morpho,shorelineLength,6617.83
250,East Fork Reservoir,surge_morpho,shorelineDevelopment,1.63
250,East Fork Reservoir,surge_morpho,maxWidth,679.8
250,East Fork Reservoir,surge_morpho,meanWidth,443.5
250,East Fork Reservoir,surge_morpho,maxLength,2958.9459
250,East Fork Reservoir,surge_sites,mean_depth,10.46
250,East Fork Reservoir,surge_sites,max_depth,20.1
250,East Fork Reservoir,surge_sites,volume,13083441.458773747
253,Lost_Valley,surge_morpho,surfaceArea,2662158.81
253,Lost_Valley,surge_morpho,shorelineLength,8484.49
253,Lost_Valley,surge_morpho,shorelineDevelopment,1.47
253,Lost_Valley,surge_morpho,maxWidth,1460.44
253,Lost_Valley,surge_morpho,meanWidth,837.87
253,Lost_Valley,surge_morpho,maxLength,3201.929
253,Lost_Valley,surge_sites,mean_depth,3.2866666666666666
253,Lost_Valley,surge_sites,max_depth,5.1
253,Lost_Valley,surge_sites,volume,9426162.25191605
263,Swofford,surge_morpho,surfaceArea,538631.01
263,Swofford,surge_morpho,shorelineLength,4245.75
263,Swofford,surge_morpho,shorelineDevelopment,1.63
263,Swofford,surge_morpho,maxWidth,576.84
263,Swofford,surge_morpho,meanWidth,325.57
263,Swofford,surge_morpho,maxLength,1687.9897
263,Swofford,surge_sites,mean_depth,3.5733333333333333
263,Swofford,surge_sites,max_depth,4.8
263,Swofford,surge_sites,volume,1957277.2552151396
264,Troutvale Reservoir #1,surge_morpho,surfaceArea,201429.35
264,Troutvale Reservoir #1,surge_morpho,shorelineLength,1899.38
264,Troutvale Reservoir #1,surge_morpho,shorelineDevelopment,1.19
264,Troutvale Reservoir #1,surge_morpho,maxWidth,455.21
264,Troutvale Reservoir #1,surge_morpho,meanWidth,303.89
264,Troutvale Reservoir #1,surge_morpho,maxLength,742.2809
264,Troutvale Reservoir #1,surge_sites,mean_depth,1.2533333333333334
264,Troutvale Reservoir #1,surge_sites,max_depth,1.8
264,Troutvale Reservoir #1,surge_sites,volume,255274.11820286475
265,elk cr,surge_morpho,surfaceArea,311568.81
265,elk cr,surge_morpho,shorelineLength,3368.16
265,elk cr,surge_morpho,shorelineDevelopment,1.7
265,elk cr,surge_morpho,maxWidth,696.64
265,elk cr,surge_morpho,meanWidth,363.49
265,elk cr,surge_morpho,maxLength,867.0441
265,elk cr,surge_sites,mean_depth,2.9333333333333336
265,elk cr,surge_sites,max_depth,4.5
265,elk cr,surge_sites,volume,961160.6388820589
275,Willow Lake,surge_morpho,surfaceArea,490674.65
275,Willow Lake,surge_morpho,shorelineLength,4837.22
275,Willow Lake,surge_morpho,shorelineDevelopment,1.95
275,Willow Lake,surge_morpho,maxWidth,801.09
275,Willow Lake,surge_morpho,meanWidth,359.02
275,Willow Lake,surge_morpho,maxLength,1524.362
275,Willow Lake,surge_sites,mean_depth,1.76
275,Willow Lake,surge_sites,max_depth,4.4
275,Willow Lake,surge_sites,volume,729638.2770035502
276,gooseberry reservoir,surge_morpho,surfaceArea,203982.11
276,gooseberry reservoir,surge_morpho,shorelineLength,3097.86
276,gooseberry reservoir,surge_morpho,shorelineDevelopment,1.93
276,gooseberry reservoir,surge_morpho,maxWidth,328.76
276,gooseberry reservoir,surge_morpho,meanWidth,190.13
276,gooseberry reservoir,surge_morpho,maxLength,1093.3521
276,gooseberry reservoir,surge_sites,mean_depth,2.48
276,gooseberry reservoir,surge_sites,max_depth,4.3
276,gooseberry reservoir,surge_sites,volume,416409.9885229412
281,Upper Twin Lake,surge_morpho,surfaceArea,109367.53
281,Upper Twin Lake,surge_morpho,shorelineLength,1408.06
281,Upper Twin Lake,surge_morpho,shorelineDevelopment,1.2
281,Upper Twin Lake,surge_morpho,maxWidth,230.23
281,Upper Twin Lake,surge_morpho,meanWidth,191.08
281,Upper Twin Lake,surge_morpho,maxLength,588.5286
281,Upper Twin Lake,surge_sites,mean_depth,3.723333333333333
281,Upper Twin Lake,surge_sites,max_depth,7.6
281,Upper Twin Lake,surge_sites,volume,481397.52167553274
287,owyhee,surge_morpho,surfaceArea,46572212.43
287,owyhee,surge_morpho,shorelineLength,211054.73
287,owyhee,surge_morpho,shorelineDevelopment,8.72
287,owyhee,surge_morpho,maxWidth,5845.29
287,owyhee,surge_morpho,meanWidth,8527.65
287,owyhee,surge_morpho,maxLength,5646.1842
287,owyhee,surge_sites,mean_depth,18
287,owyhee,surge_sites,max_depth,75.3
287,owyhee,surge_sites,volume,827801101.2102948
288,Saguaro,surge_morpho,surfaceArea,4672795.02
288,Saguaro,surge_morpho,shorelineLength,32234.22
288,Saguaro,surge_morpho,shorelineDevelopment,4.21
288,Saguaro,surge_morpho,maxWidth,2111.19
288,Saguaro,surge_morpho,meanWidth,1285.99
288,Saguaro,surge_morpho,maxLength,3678.317
288,Saguaro,surge_sites,mean_depth,14.606666666666667
288,Saguaro,surge_sites,max_depth,25.2
288,Saguaro,surge_sites,volume,73504362.60944115
291,Upper San Leandro Reservoir,surge_morpho,surfaceArea,1669355.06
291,Upper San Leandro Reservoir,surge_morpho,shorelineLength,23586.94
291,Upper San Leandro Reservoir,surge_morpho,shorelineDevelopment,5.15
291,Upper San Leandro Reservoir,surge_morpho,maxWidth,844.04
291,Upper San Leandro Reservoir,surge_morpho,meanWidth,674.03
291,Upper San Leandro Reservoir,surge_morpho,maxLength,2494.6265
291,Upper San Leandro Reservoir,surge_sites,mean_depth,12.786666666666667
291,Upper San Leandro Reservoir,surge_sites,max_depth,27.9
291,Upper San Leandro Reservoir,surge_sites,volume,24810806.909159098
296,Shadow Cliffs Lake,surge_morpho,surfaceArea,356452.81
296,Shadow Cliffs Lake,surge_morpho,shorelineLength,3030.47
296,Shadow Cliffs Lake,surge_morpho,shorelineDevelopment,1.43
296,Shadow Cliffs Lake,surge_morpho,maxWidth,626.22
296,Shadow Cliffs Lake,surge_morpho,meanWidth,290.5
296,Shadow Cliffs Lake,surge_morpho,maxLength,1236.9676
296,Shadow Cliffs Lake,surge_sites,mean_depth,5.96
296,Shadow Cliffs Lake,surge_sites,max_depth,10.7
296,Shadow Cliffs Lake,surge_sites,volume,1983582.0468180783
297,New Melones,surge_morpho,surfaceArea,43298347.96
297,New Melones,surge_morpho,shorelineLength,175448.8
297,New Melones,surge_morpho,shorelineDevelopment,7.52
297,New Melones,surge_morpho,maxWidth,8403.99
297,New Melones,surge_morpho,meanWidth,3693.09
297,New Melones,surge_morpho,maxLength,12224.9752
297,New Melones,surge_sites,mean_depth,31.252
297,New Melones,surge_sites,max_depth,85.6
297,New Melones,surge_sites,volume,1399272412.1127553
298,Wild Horse Reservoir,surge_morpho,surfaceArea,8380425.67
298,Wild Horse Reservoir,surge_morpho,shorelineLength,31853.76
298,Wild Horse Reservoir,surge_morpho,shorelineDevelopment,3.1
298,Wild Horse Reservoir,surge_morpho,maxWidth,2962.36
298,Wild Horse Reservoir,surge_morpho,meanWidth,1494.65
298,Wild Horse Reservoir,surge_morpho,maxLength,5626.8382
298,Wild Horse Reservoir,surge_sites,mean_depth,6.613333333333333
298,Wild Horse Reservoir,surge_sites,max_depth,14.6
298,Wild Horse Reservoir,surge_sites,volume,55491979.69736157
302,Lower Goose,surge_morpho,surfaceArea,2430627.11
302,Lower Goose,surge_morpho,shorelineLength,12758.47
302,Lower Goose,surge_morpho,shorelineDevelopment,2.31
302,Lower Goose,surge_morpho,maxWidth,964.68
302,Lower Goose,surge_morpho,meanWidth,640.45
302,Lower Goose,surge_morpho,maxLength,3813.9116
302,Lower Goose,surge_sites,mean_depth,9.773333333333333
302,Lower Goose,surge_sites,max_depth,18.7
302,Lower Goose,surge_sites,volume,29023513.78159204
308,Wapato Lake,surge_morpho,surfaceArea,766529.08
308,Wapato Lake,surge_morpho,shorelineLength,4397.66
308,Wapato Lake,surge_morpho,shorelineDevelopment,1.42
308,Wapato Lake,surge_morpho,maxWidth,568.33
308,Wapato Lake,surge_morpho,meanWidth,433.85
308,Wapato Lake,surge_morpho,maxLength,1939.061
308,Wapato Lake,surge_sites,mean_depth,13.133333333333333
308,Wapato Lake,surge_sites,max_depth,19
308,Wapato Lake,surge_sites,volume,11732486.17098297
316,Mitry,surge_morpho,surfaceArea,1099251.92
316,Mitry,surge_morpho,shorelineLength,16889
316,Mitry,surge_morpho,shorelineDevelopment,4.54
316,Mitry,surge_morpho,maxWidth,1012.44
316,Mitry,surge_morpho,meanWidth,656.83
316,Mitry,surge_morpho,maxLength,1683.5385
316,Mitry,surge_sites,mean_depth,2.2866666666666666
316,Mitry,surge_sites,max_depth,3.5
316,Mitry,surge_sites,volume,2477248.5813710387
317,Lake Greenhaven,surge_morpho,surfaceArea,214240.17
317,Lake Greenhaven,surge_morpho,shorelineLength,4605.95
317,Lake Greenhaven,surge_morpho,shorelineDevelopment,2.81
317,Lake Greenhaven,surge_morpho,maxWidth,603.66
317,Lake Greenhaven,surge_morpho,meanWidth,349.57
317,Lake Greenhaven,surge_morpho,maxLength,717.8801
317,Lake Greenhaven,surge_sites,mean_depth,1.9733333333333334
317,Lake Greenhaven,surge_sites,max_depth,3.3
317,Lake Greenhaven,surge_sites,volume,422763.50724314246
323,Mormon Lake,surge_morpho,surfaceArea,505164.44
323,Mormon Lake,surge_morpho,shorelineLength,3725.47
323,Mormon Lake,surge_morpho,shorelineDevelopment,1.48
323,Mormon Lake,surge_morpho,maxWidth,851.44
323,Mormon Lake,surge_morpho,meanWidth,470.03
323,Mormon Lake,surge_morpho,maxLength,1121.5197
323,Mormon Lake,surge_sites,mean_depth,3.6533333333333333
323,Mormon Lake,surge_sites,max_depth,4.9
323,Mormon Lake,surge_sites,volume,1940146.1017351642
326,Comins Lake,surge_morpho,surfaceArea,1092535.11
326,Comins Lake,surge_morpho,shorelineLength,7025.9
326,Comins Lake,surge_morpho,shorelineDevelopment,1.9
326,Comins Lake,surge_morpho,maxWidth,678.61
326,Comins Lake,surge_morpho,meanWidth,545.01
326,Comins Lake,surge_morpho,maxLength,2030.1749
326,Comins Lake,surge_sites,mean_depth,1.78
326,Comins Lake,surge_sites,max_depth,3.1
326,Comins Lake,surge_sites,volume,1760585.0441795113
327,Dacey Reservoir,surge_morpho,surfaceArea,460354.83
327,Dacey Reservoir,surge_morpho,shorelineLength,4430.87
327,Dacey Reservoir,surge_morpho,shorelineDevelopment,1.84
327,Dacey Reservoir,surge_morpho,maxWidth,394.96
327,Dacey Reservoir,surge_morpho,meanWidth,324.15
327,Dacey Reservoir,surge_morpho,maxLength,1510.9784
327,Dacey Reservoir,surge_sites,mean_depth,1.46
327,Dacey Reservoir,surge_sites,max_depth,2
327,Dacey Reservoir,surge_sites,volume,700458.1165839809
328,Kemmerer Reservoir,surge_morpho,surfaceArea,693211.56
328,Kemmerer Reservoir,surge_morpho,shorelineLength,4649.58
328,Kemmerer Reservoir,surge_morpho,shorelineDevelopment,1.58
328,Kemmerer Reservoir,surge_morpho,maxWidth,612.93
328,Kemmerer Reservoir,surge_morpho,meanWidth,417.13
328,Kemmerer Reservoir,surge_morpho,maxLength,1671.2711
328,Kemmerer Reservoir,surge_sites,mean_depth,3.78
328,Kemmerer Reservoir,surge_sites,max_depth,6.7
328,Kemmerer Reservoir,surge_sites,volume,2528839.9610453798
331,Springfield,surge_morpho,surfaceArea,211637.82
331,Springfield,surge_morpho,shorelineLength,4108.18
331,Springfield,surge_morpho,shorelineDevelopment,2.52
331,Springfield,surge_morpho,maxWidth,412.53
331,Springfield,surge_morpho,meanWidth,247.35
331,Springfield,surge_morpho,maxLength,968.0336
331,Springfield,surge_sites,mean_depth,1.8
331,Springfield,surge_sites,max_depth,3.2
331,Springfield,surge_sites,volume,346640.31705142267
999,Baker Lake,surge_morpho,surfaceArea,19417530.39
999,Baker Lake,surge_morpho,shorelineLength,44791.3
999,Baker Lake,surge_morpho,shorelineDevelopment,2.87
999,Baker Lake,surge_morpho,maxWidth,3902.57
999,Baker Lake,surge_morpho,meanWidth,2077.26
999,Baker Lake,surge_morpho,maxLength,9714.9116
999,Baker Lake,surge_sites,mean_depth,19.866666666666667
999,Baker Lake,surge_sites,max_depth,61.1
999,Baker Lake,surge_sites,volume,408136724.4001132
1000,Las Curias,surge_morpho,surfaceArea,150452.62
1000,Las Curias,surge_morpho,shorelineLength,4341.74
1000,Las Curias,surge_morpho,shorelineDevelopment,3.16
1000,Las Curias,surge_morpho,maxWidth,392.12
1000,Las Curias,surge_morpho,meanWidth,207.47
1000,Las Curias,surge_morpho,maxLength,1034.3856
1000,Las Curias,surge_sites,mean_depth,7.326666666666667
1000,Las Curias,surge_sites,max_depth,13.6
1000,Las Curias,surge_sites,volume,1218520.7595371797
1001,Acton Lake,surge_morpho,surfaceArea,2222185.58
1001,Acton Lake,surge_morpho,shorelineLength,8810.96
1001,Acton Lake,surge_morpho,shorelineDevelopment,1.67
1001,Acton Lake,surge_morpho,maxWidth,809.93
1001,Acton Lake,surge_morpho,meanWidth,599.15
1001,Acton Lake,surge_morpho,maxLength,3717.6632
1001,Acton Lake,surge_sites,mean_depth,4.340153787817274
1001,Acton Lake,surge_sites,max_depth,8.038886070251465
1001,Acton Lake,surge_sites,volume,10078077.926097596
1002,Alum Creek Lake,surge_morpho,surfaceArea,11899924.83
1002,Alum Creek Lake,surge_morpho,shorelineLength,87259.46
1002,Alum Creek Lake,surge_morpho,shorelineDevelopment,7.14
1002,Alum Creek Lake,surge_morpho,maxWidth,2190.39
1002,Alum Creek Lake,surge_morpho,meanWidth,1575.81
1002,Alum Creek Lake,surge_morpho,maxLength,7575.18
1002,Alum Creek Lake,surge_sites,mean_depth,5.825514713923137
1002,Alum Creek Lake,surge_sites,max_depth,14.57640266418457
1002,Alum Creek Lake,surge_sites,volume,75712486.7051019
1003,Apple Valley Lake,surge_morpho,surfaceArea,2017654.25
1003,Apple Valley Lake,surge_morpho,shorelineLength,18306.55
1003,Apple Valley Lake,surge_morpho,shorelineDevelopment,3.64
1003,Apple Valley Lake,surge_morpho,maxWidth,849.58
1003,Apple Valley Lake,surge_morpho,meanWidth,444.57
1003,Apple Valley Lake,surge_morpho,maxLength,4554.6726
1003,Apple Valley Lake,surge_sites,mean_depth,6.2909999999999995
1003,Apple Valley Lake,surge_sites,max_depth,15.728
1003,Apple Valley Lake,surge_sites,volume,15676990.086711012
1004,Atwood Lake,surge_morpho,surfaceArea,6035505.62
1004,Atwood Lake,surge_morpho,shorelineLength,43486.43
1004,Atwood Lake,surge_morpho,shorelineDevelopment,4.99
1004,Atwood Lake,surge_morpho,maxWidth,2032.3
1004,Atwood Lake,surge_morpho,meanWidth,1380.08
1004,Atwood Lake,surge_morpho,maxLength,5064.9608
1004,Atwood Lake,surge_sites,mean_depth,2.5928666666666667
1004,Atwood Lake,surge_sites,max_depth,6.34
1004,Atwood Lake,surge_sites,volume,18168660.01308196
1005,Brookville Lake,surge_morpho,surfaceArea,20376960.36
1005,Brookville Lake,surge_morpho,shorelineLength,86994.44
1005,Brookville Lake,surge_morpho,shorelineDevelopment,5.44
1005,Brookville Lake,surge_morpho,maxWidth,2861.36
1005,Brookville Lake,surge_morpho,meanWidth,1975.28
1005,Brookville Lake,surge_morpho,maxLength,10395.1056
1005,Brookville Lake,surge_sites,mean_depth,8.41695
1005,Brookville Lake,surge_sites,max_depth,25.908
1005,Brookville Lake,surge_sites,volume,210744958.73836622
1006,Buckhorn Lake,surge_morpho,surfaceArea,4095585.35
1006,Buckhorn Lake,surge_morpho,shorelineLength,75918.26
1006,Buckhorn Lake,surge_morpho,shorelineDevelopment,10.58
1006,Buckhorn Lake,surge_morpho,maxWidth,1762.67
1006,Buckhorn Lake,surge_morpho,meanWidth,1951.18
1006,Buckhorn Lake,surge_morpho,maxLength,2425.2643
1006,Buckhorn Lake,surge_sites,mean_depth,6.035
1006,Buckhorn Lake,surge_sites,max_depth,10.058
1006,Buckhorn Lake,surge_sites,volume,27880767.20014508
1007,Burr Oak Reservoir,surge_morpho,surfaceArea,2524543.93
1007,Burr Oak Reservoir,surge_morpho,shorelineLength,26247.53
1007,Burr Oak Reservoir,surge_morpho,shorelineDevelopment,4.66
1007,Burr Oak Reservoir,surge_morpho,maxWidth,1602.17
1007,Burr Oak Reservoir,surge_morpho,meanWidth,1665.76
1007,Burr Oak Reservoir,surge_morpho,maxLength,1743.7465
1007,Burr Oak Reservoir,surge_sites,mean_depth,4.399333333333334
1007,Burr Oak Reservoir,surge_sites,max_depth,8.839
1007,Burr Oak Reservoir,surge_sites,volume,12505724.95582652
1008,Caesar Creek Lake,surge_morpho,surfaceArea,10158257.22
1008,Caesar Creek Lake,surge_morpho,shorelineLength,53710.82
1008,Caesar Creek Lake,surge_morpho,shorelineDevelopment,4.75
1008,Caesar Creek Lake,surge_morpho,maxWidth,3586.31
1008,Caesar Creek Lake,surge_morpho,meanWidth,1965.25
1008,Caesar Creek Lake,surge_morpho,maxLength,5178.7413
1008,Caesar Creek Lake,surge_sites,mean_depth,6.398714285714286
1008,Caesar Creek Lake,surge_sites,max_depth,23.348
1008,Caesar Creek Lake,surge_sites,volume,88627236.21926028
1009,Carr Fork Lake,surge_morpho,surfaceArea,2092337.78
1009,Carr Fork Lake,surge_morpho,shorelineLength,34281.88
1009,Carr Fork Lake,surge_morpho,shorelineDevelopment,6.69
1009,Carr Fork Lake,surge_morpho,maxWidth,1747.48
1009,Carr Fork Lake,surge_morpho,meanWidth,1222.33
1009,Carr Fork Lake,surge_morpho,maxLength,1759.8747
1009,Carr Fork Lake,surge_sites,mean_depth,5.329866666666667
1009,Carr Fork Lake,surge_sites,max_depth,12.649
1009,Carr Fork Lake,surge_sites,volume,10890610.505142668
1010,Cave Run Lake,surge_morpho,surfaceArea,31225811.27
1010,Cave Run Lake,surge_morpho,shorelineLength,239560.72
1010,Cave Run Lake,surge_morpho,shorelineDevelopment,12.09
1010,Cave Run Lake,surge_morpho,maxWidth,7848.28
1010,Cave Run Lake,surge_morpho,meanWidth,5124.46
1010,Cave Run Lake,surge_morpho,maxLength,6491.6493
1010,Cave Run Lake,surge_sites,mean_depth,7.759846153846154
1010,Cave Run Lake,surge_sites,max_depth,17.983
1010,Cave Run Lake,surge_sites,volume,282868728.0965118
1011,Charles Mill Lake,surge_morpho,surfaceArea,4595307.6
1011,Charles Mill Lake,surge_morpho,shorelineLength,36849.7
1011,Charles Mill Lake,surge_morpho,shorelineDevelopment,4.85
1011,Charles Mill Lake,surge_morpho,maxWidth,1588.52
1011,Charles Mill Lake,surge_morpho,meanWidth,1282.95
1011,Charles Mill Lake,surge_morpho,maxLength,3738.6045
1011,Charles Mill Lake,surge_sites,mean_depth,1.1134666666666666
1011,Charles Mill Lake,surge_sites,max_depth,1.615
1011,Charles Mill Lake,surge_sites,volume,4729621.223211454
1012,Cowan Lake,surge_morpho,surfaceArea,2669000.9
1012,Cowan Lake,surge_morpho,shorelineLength,20853.03
1012,Cowan Lake,surge_morpho,shorelineDevelopment,3.6
1012,Cowan Lake,surge_morpho,maxWidth,1320.93
1012,Cowan Lake,surge_morpho,meanWidth,688.43
1012,Cowan Lake,surge_morpho,maxLength,3988.3527
1012,Cowan Lake,surge_sites,mean_depth,4.683578537060664
1012,Cowan Lake,surge_sites,max_depth,7.797137260437012
1012,Cowan Lake,surge_sites,volume,11809372.333681662
1013,Delaware Reservoir,surge_morpho,surfaceArea,4234662.87
1013,Delaware Reservoir,surge_morpho,shorelineLength,37290.52
1013,Delaware Reservoir,surge_morpho,shorelineDevelopment,5.11
1013,Delaware Reservoir,surge_morpho,maxWidth,1194.47
1013,Delaware Reservoir,surge_morpho,meanWidth,1021.15
1013,Delaware Reservoir,surge_morpho,maxLength,4464.3306
1013,Delaware Reservoir,surge_sites,mean_depth,2.5064002593358357
1013,Delaware Reservoir,surge_sites,max_depth,6.400791645050049
1013,Delaware Reservoir,surge_sites,volume,10978433.25294494
1014,Dillon Lake,surge_morpho,surfaceArea,4160768.99
1014,Dillon Lake,surge_morpho,shorelineLength,24496.24
1014,Dillon Lake,surge_morpho,shorelineDevelopment,3.39
1014,Dillon Lake,surge_morpho,maxWidth,2104.98
1014,Dillon Lake,surge_morpho,meanWidth,1243.84
1014,Dillon Lake,surge_morpho,maxLength,3428.0883
1014,Dillon Lake,surge_sites,mean_depth,3.3324533333333335
1014,Dillon Lake,surge_sites,max_depth,5.88264
1014,Dillon Lake,surge_sites,volume,14329686.998934425
1015,Hocking County Lake,surge_morpho,surfaceArea,1263196.76
1015,Hocking County Lake,surge_morpho,shorelineLength,13434.07
1015,Hocking County Lake,surge_morpho,shorelineDevelopment,3.37
1015,Hocking County Lake,surge_morpho,maxWidth,844.09
1015,Hocking County Lake,surge_morpho,meanWidth,550.2
1015,Hocking County Lake,surge_morpho,maxLength,2551.9252
1015,Hocking County Lake,surge_sites,mean_depth,2.598866666666667
1015,Hocking County Lake,surge_sites,max_depth,4.785
1015,Hocking County Lake,surge_sites,volume,3335257.683494394
1016,Kiser Lake,surge_morpho,surfaceArea,1566168.06
1016,Kiser Lake,surge_morpho,shorelineLength,9042.76
1016,Kiser Lake,surge_morpho,shorelineDevelopment,2.04
1016,Kiser Lake,surge_morpho,maxWidth,658.91
1016,Kiser Lake,surge_morpho,meanWidth,481.06
1016,Kiser Lake,surge_morpho,maxLength,3307.4917
1016,Kiser Lake,surge_sites,mean_depth,1.9656677062694843
1016,Kiser Lake,surge_sites,max_depth,2.7431998252868652
1016,Kiser Lake,surge_sites,volume,3152216.1137314476
1017,Knox Lake,surge_morpho,surfaceArea,1368095.64
1017,Knox Lake,surge_morpho,shorelineLength,13201.84
1017,Knox Lake,surge_morpho,shorelineDevelopment,3.18
1017,Knox Lake,surge_morpho,maxWidth,1051.02
1017,Knox Lake,surge_morpho,meanWidth,939.07
1017,Knox Lake,surge_morpho,maxLength,1522.4357
1017,Knox Lake,surge_sites,mean_depth,3.0920810182889302
1017,Knox Lake,surge_sites,max_depth,7.315199851989746
1017,Knox Lake,surge_sites,volume,3961550.363185906
1018,La Due Reservoir,surge_morpho,surfaceArea,5587987.45
1018,La Due Reservoir,surge_morpho,shorelineLength,42130.19
1018,La Due Reservoir,surge_morpho,shorelineDevelopment,5.03
1018,La Due Reservoir,surge_morpho,maxWidth,2257.53
1018,La Due Reservoir,surge_morpho,meanWidth,1929.66
1018,La Due Reservoir,surge_morpho,maxLength,3386.6187
1018,La Due Reservoir,surge_sites,mean_depth,3.2072857142857143
1018,La Due Reservoir,surge_sites,max_depth,6.157
1018,La Due Reservoir,surge_sites,volume,19989431.798639886
1019,Lake Loramie,surge_morpho,surfaceArea,3348780.26
1019,Lake Loramie,surge_morpho,shorelineLength,62697.67
1019,Lake Loramie,surge_morpho,shorelineDevelopment,9.66
1019,Lake Loramie,surge_morpho,maxWidth,1552.04
1019,Lake Loramie,surge_morpho,meanWidth,903.66
1019,Lake Loramie,surge_morpho,maxLength,4977.41
1019,Lake Loramie,surge_sites,mean_depth,1.2108666666666668
1019,Lake Loramie,surge_sites,max_depth,1.859
1019,Lake Loramie,surge_sites,volume,4012353.812922999
1020,Lake Milton,surge_morpho,surfaceArea,6453622.66
1020,Lake Milton,surge_morpho,shorelineLength,28958.85
1020,Lake Milton,surge_morpho,shorelineDevelopment,3.22
1020,Lake Milton,surge_morpho,maxWidth,2138.39
1020,Lake Milton,surge_morpho,meanWidth,1503.42
1020,Lake Milton,surge_morpho,maxLength,4617.7267
1020,Lake Milton,surge_sites,mean_depth,3.7428666666666666
1020,Lake Milton,surge_sites,max_depth,8.443
1020,Lake Milton,surge_sites,volume,28767772.68043713
1021,Lake Mohawk,surge_morpho,surfaceArea,2039455.09
1021,Lake Mohawk,surge_morpho,shorelineLength,14657.85
1021,Lake Mohawk,surge_morpho,shorelineDevelopment,2.9
1021,Lake Mohawk,surge_morpho,maxWidth,1162.25
1021,Lake Mohawk,surge_morpho,meanWidth,661.2
1021,Lake Mohawk,surge_morpho,maxLength,3095.5515
1021,Lake Mohawk,surge_sites,mean_depth,2.3592
1021,Lake Mohawk,surge_sites,max_depth,6.096
1021,Lake Mohawk,surge_sites,volume,6202942.43113558
1022,Lake Roaming Rock,surge_morpho,surfaceArea,1825341.73
1022,Lake Roaming Rock,surge_morpho,shorelineLength,27681.15
1022,Lake Roaming Rock,surge_morpho,shorelineDevelopment,5.78
1022,Lake Roaming Rock,surge_morpho,maxWidth,972.13
1022,Lake Roaming Rock,surge_morpho,meanWidth,861.48
1022,Lake Roaming Rock,surge_morpho,maxLength,2497.4872
1022,Lake Roaming Rock,surge_sites,mean_depth,3.814064
1022,Lake Roaming Rock,surge_sites,max_depth,7.62
1022,Lake Roaming Rock,surge_sites,volume,7131112.140147146
1023,Lake Waynoka,surge_morpho,surfaceArea,1116469.93
1023,Lake Waynoka,surge_morpho,shorelineLength,25871.58
1023,Lake Waynoka,surge_morpho,shorelineDevelopment,6.91
1023,Lake Waynoka,surge_morpho,maxWidth,1030.14
1023,Lake Waynoka,surge_morpho,meanWidth,506.96
1023,Lake Waynoka,surge_morpho,maxLength,2555.4301
1023,Lake Waynoka,surge_sites,mean_depth,2.8550666666666666
1023,Lake Waynoka,surge_sites,max_depth,9.144
1023,Lake Waynoka,surge_sites,volume,4067275.9589873124
1024,Michael J Kirwan Reservoir,surge_morpho,surfaceArea,10442809.13
1024,Michael J Kirwan Reservoir,surge_morpho,shorelineLength,82813.91
1024,Michael J Kirwan Reservoir,surge_morpho,shorelineDevelopment,7.23
1024,Michael J Kirwan Reservoir,surge_morpho,maxWidth,2131.87
1024,Michael J Kirwan Reservoir,surge_morpho,meanWidth,2294.27
1024,Michael J Kirwan Reservoir,surge_morpho,maxLength,4782.3439
1024,Michael J Kirwan Reservoir,surge_sites,mean_depth,5.3405314285714285
1024,Michael J Kirwan Reservoir,surge_sites,max_depth,11.5824
1024,Michael J Kirwan Reservoir,surge_sites,volume,69740100.31555404
1025,Paint Creek Lake,surge_morpho,surfaceArea,4505314.83
1025,Paint Creek Lake,surge_morpho,shorelineLength,41050.31
1025,Paint Creek Lake,surge_morpho,shorelineDevelopment,5.46
1025,Paint Creek Lake,surge_morpho,maxWidth,1732.55
1025,Paint Creek Lake,surge_morpho,meanWidth,1049
1025,Paint Creek Lake,surge_morpho,maxLength,4514.2486
1025,Paint Creek Lake,surge_sites,mean_depth,3.0094
1025,Paint Creek Lake,surge_sites,max_depth,7.041
1025,Paint Creek Lake,surge_sites,volume,18519883.61263903
1026,Piedmont Lake,surge_morpho,surfaceArea,8532250.56
1026,Piedmont Lake,surge_morpho,shorelineLength,52866.4
1026,Piedmont Lake,surge_morpho,shorelineDevelopment,5.11
1026,Piedmont Lake,surge_morpho,maxWidth,2033.49
1026,Piedmont Lake,surge_morpho,meanWidth,2608.22
1026,Piedmont Lake,surge_morpho,maxLength,3338.6867
1026,Piedmont Lake,surge_sites,mean_depth,3.909466666666667
1026,Piedmont Lake,surge_sites,max_depth,7.772
1026,Piedmont Lake,surge_sites,volume,41322601.410240494
1027,Pleasant Hill Lake,surge_morpho,surfaceArea,3039392.35
1027,Pleasant Hill Lake,surge_morpho,shorelineLength,15504.79
1027,Pleasant Hill Lake,surge_morpho,shorelineDevelopment,2.51
1027,Pleasant Hill Lake,surge_morpho,maxWidth,2032.22
1027,Pleasant Hill Lake,surge_morpho,meanWidth,865.7
1027,Pleasant Hill Lake,surge_morpho,maxLength,3531.627
1027,Pleasant Hill Lake,surge_sites,mean_depth,4.2224
1027,Pleasant Hill Lake,surge_sites,max_depth,9.205
1027,Pleasant Hill Lake,surge_sites,volume,14281912.70223925
1028,Rocky Fork Lake,surge_morpho,surfaceArea,7352942.38
1028,Rocky Fork Lake,surge_morpho,shorelineLength,42361.48
1028,Rocky Fork Lake,surge_morpho,shorelineDevelopment,4.41
1028,Rocky Fork Lake,surge_morpho,maxWidth,1615.38
1028,Rocky Fork Lake,surge_morpho,meanWidth,1126.72
1028,Rocky Fork Lake,surge_morpho,maxLength,6762.0442
1028,Rocky Fork Lake,surge_sites,mean_depth,4.0995
1028,Rocky Fork Lake,surge_sites,max_depth,9.784
1028,Rocky Fork Lake,surge_sites,volume,39608829.146546654
1029,Senecaville Lake,surge_morpho,surfaceArea,12280529.41
1029,Senecaville Lake,surge_morpho,shorelineLength,52799.66
1029,Senecaville Lake,surge_morpho,shorelineDevelopment,4.25
1029,Senecaville Lake,surge_morpho,maxWidth,3065.78
1029,Senecaville Lake,surge_morpho,meanWidth,1796.51
1029,Senecaville Lake,surge_morpho,maxLength,5277.062
1029,Senecaville Lake,surge_sites,mean_depth,3.497072
1029,Senecaville Lake,surge_sites,max_depth,6.15696
1029,Senecaville Lake,surge_sites,volume,52408285.33275911
1030,Tappan Lake,surge_morpho,surfaceArea,8277015.77
1030,Tappan Lake,surge_morpho,shorelineLength,50697.47
1030,Tappan Lake,surge_morpho,shorelineDevelopment,4.97
1030,Tappan Lake,surge_morpho,maxWidth,2832.83
1030,Tappan Lake,surge_morpho,meanWidth,1953.34
1030,Tappan Lake,surge_morpho,maxLength,4260.1584
1030,Tappan Lake,surge_sites,mean_depth,2.9748
1030,Tappan Lake,surge_sites,max_depth,7.071
1030,Tappan Lake,surge_sites,volume,32996943.245393574
1031,William H Harsha Lake,surge_morpho,surfaceArea,7992553.27
1031,William H Harsha Lake,surge_morpho,shorelineLength,56063.66
1031,William H Harsha Lake,surge_morpho,shorelineDevelopment,5.59
1031,William H Harsha Lake,surge_morpho,maxWidth,3645.82
1031,William H Harsha Lake,surge_morpho,meanWidth,2298.71
1031,William H Harsha Lake,surge_morpho,maxLength,3448.5572
1031,William H Harsha Lake,surge_sites,mean_depth,10.410076923076923
1031,William H Harsha Lake,surge_sites,max_depth,25.756
1031,William H Harsha Lake,surge_sites,volume,111648869.27592887
1032,Wingfoot Lake,surge_morpho,surfaceArea,1567670.17
1032,Wingfoot Lake,surge_morpho,shorelineLength,14401.57
1032,Wingfoot Lake,surge_morpho,shorelineDevelopment,3.24
1032,Wingfoot Lake,surge_morpho,maxWidth,1585.49
1032,Wingfoot Lake,surge_morpho,meanWidth,893.86
1032,Wingfoot Lake,surge_morpho,maxLength,2078.8558
1032,Wingfoot Lake,surge_sites,mean_depth,2.3666666666666667
1032,Wingfoot Lake,surge_sites,max_depth,3.597
1032,Wingfoot Lake,surge_sites,volume,3462243.473821199
1033,Falls Lake,surge_morpho,surfaceArea,48144851.69
1033,Falls Lake,surge_morpho,shorelineLength,281460.08
1033,Falls Lake,surge_morpho,shorelineDevelopment,11.44
1033,Falls Lake,surge_morpho,maxWidth,7662.33
1033,Falls Lake,surge_morpho,meanWidth,5407.09
1033,Falls Lake,surge_morpho,maxLength,7642.4229
1033,Falls Lake,surge_sites,mean_depth,3.3434010152284266
1033,Falls Lake,surge_sites,max_depth,25
1033,Falls Lake,surge_sites,volume,2177088634.833293
